{
    "id":{

        "=":{
            "id":{
                "λ":{
        
                },
                "+-/*":{

                },
                "[":{
                    "id":{
                        "+-/*":{

                        },
                        "(":{
        
                        },
                        "λ":{
        
                        }
                    },
                    "tk_num":{
        
                    }
                },
                "(":{

                }
            },
            "tk_num":{
                "+-/*":{

                },
                "λ":{

                },
                ";":{

                }
            },
            "tk_cad":{
                "+-/*":{

                },
                "λ":{

                },
                ";":{
                    
                }
            }
        },
        "(":{
            "id":{
                "λ":{
        
                },
                "+-/*":{

                },
                "[":{

                },
                "(":{

                }

            },
            "tk_num":{

            },
            "tk_cad":{

            }
        },
        "[":{
            "id":{
                "+-/*":{

                },
                "(":{
                    
                },
                "λ":{

                }
            },
            "tk_num":{

            }
        }
    }
}